"sitesID","syear","long","lat","iso3c","admin_0","x","n","prev","database","url"
307,2010,31.4,0.6,"UGA","Uganda",NA,NA,NA,NA,NA
307,2011,31.4,0.6,"UGA","Uganda",NA,NA,NA,NA,NA
307,2012,31.4,0.6,"UGA","Uganda",2,66,0.0303030303030303,"WHO","https://pubmed.ncbi.nlm.nih.gov/31358588/"
307,2013,31.4,0.6,"UGA","Uganda",NA,NA,NA,NA,NA
307,2014,31.4,0.6,"UGA","Uganda",NA,NA,NA,NA,NA
307,2015,31.4,0.6,"UGA","Uganda",NA,NA,NA,NA,NA
307,2016,31.4,0.6,"UGA","Uganda",NA,NA,NA,NA,NA
307,2017,31.4,0.6,"UGA","Uganda",1,45,0.0222222222222222,"WHO","https://pubmed.ncbi.nlm.nih.gov/30559133/"
307,2018,31.4,0.6,"UGA","Uganda",NA,NA,NA,NA,NA
307,2019,31.4,0.6,"UGA","Uganda",NA,NA,NA,NA,NA
307,2020,31.4,0.6,"UGA","Uganda",NA,NA,NA,NA,NA
307,2021,31.4,0.6,"UGA","Uganda",NA,NA,NA,NA,NA
308,2010,33.20261,0.44786,"UGA","Uganda",NA,NA,NA,NA,NA
308,2011,33.20261,0.44786,"UGA","Uganda",0,78,0,"WHO","https://pubmed.ncbi.nlm.nih.gov/26079933/"
308,2012,33.20261,0.44786,"UGA","Uganda",0,116,0,"WHO","https://pubmed.ncbi.nlm.nih.gov/28039354/,https://pubmed.ncbi.nlm.nih.gov/31358588/"
308,2013,33.20261,0.44786,"UGA","Uganda",0,17,0,"WHO","https://pubmed.ncbi.nlm.nih.gov/28039354/"
308,2014,33.20261,0.44786,"UGA","Uganda",NA,NA,NA,NA,NA
308,2015,33.20261,0.44786,"UGA","Uganda",0,17,0,"WHO","https://pubmed.ncbi.nlm.nih.gov/28039354/"
308,2016,33.20261,0.44786,"UGA","Uganda",NA,NA,NA,NA,NA
308,2017,33.20261,0.44786,"UGA","Uganda",0,48,0,"WHO","https://pubmed.ncbi.nlm.nih.gov/30559133/"
308,2018,33.20261,0.44786,"UGA","Uganda",NA,NA,NA,NA,NA
308,2019,33.20261,0.44786,"UGA","Uganda",NA,NA,NA,NA,NA
308,2020,33.20261,0.44786,"UGA","Uganda",NA,NA,NA,NA,NA
308,2021,33.20261,0.44786,"UGA","Uganda",NA,NA,NA,NA,NA
309,2010,34.02611,0.77,"UGA","Uganda",NA,NA,NA,NA,NA
309,2011,34.02611,0.77,"UGA","Uganda",NA,NA,NA,NA,NA
309,2012,34.02611,0.77,"UGA","Uganda",0,17,0,"WHO","https://pubmed.ncbi.nlm.nih.gov/28039354/"
309,2013,34.02611,0.77,"UGA","Uganda",0,17,0,"WHO","https://pubmed.ncbi.nlm.nih.gov/28039354/"
309,2014,34.02611,0.77,"UGA","Uganda",NA,NA,NA,NA,NA
309,2015,34.02611,0.77,"UGA","Uganda",0,17,0,"WHO","https://pubmed.ncbi.nlm.nih.gov/28039354/"
309,2016,34.02611,0.77,"UGA","Uganda",NA,NA,NA,NA,NA
309,2017,34.02611,0.77,"UGA","Uganda",NA,NA,NA,NA,NA
309,2018,34.02611,0.77,"UGA","Uganda",NA,NA,NA,NA,NA
309,2019,34.02611,0.77,"UGA","Uganda",NA,NA,NA,NA,NA
309,2020,34.02611,0.77,"UGA","Uganda",NA,NA,NA,NA,NA
309,2021,34.02611,0.77,"UGA","Uganda",NA,NA,NA,NA,NA
310,2010,34.18657,0.67823,"UGA","Uganda",0,266,0,"WHO","http://www.ncbi.nlm.nih.gov/pubmed/25144768,https://pubmed.ncbi.nlm.nih.gov/25144768/"
310,2011,34.18657,0.67823,"UGA","Uganda",NA,NA,NA,NA,NA
310,2012,34.18657,0.67823,"UGA","Uganda",0,303,0,"WHO","https://pubmed.ncbi.nlm.nih.gov/31358588/"
310,2013,34.18657,0.67823,"UGA","Uganda",NA,NA,NA,NA,NA
310,2014,34.18657,0.67823,"UGA","Uganda",0,116,0,"WHO","https://www.ncbi.nlm.nih.gov/pubmed/30967148"
310,2015,34.18657,0.67823,"UGA","Uganda",NA,NA,NA,NA,NA
310,2016,34.18657,0.67823,"UGA","Uganda",0,56,0,"WHO","https://pubmed.ncbi.nlm.nih.gov/28923866/"
310,2017,34.18657,0.67823,"UGA","Uganda",1,48,0.0208333333333333,"WHO","https://pubmed.ncbi.nlm.nih.gov/30559133/"
310,2018,34.18657,0.67823,"UGA","Uganda",NA,NA,NA,NA,NA
310,2019,34.18657,0.67823,"UGA","Uganda",NA,NA,NA,NA,NA
310,2020,34.18657,0.67823,"UGA","Uganda",NA,NA,NA,NA,NA
310,2021,34.18657,0.67823,"UGA","Uganda",NA,NA,NA,NA,NA
311,2010,33.33333,2.83333,"UGA","Uganda",NA,NA,NA,NA,NA
311,2011,33.33333,2.83333,"UGA","Uganda",NA,NA,NA,NA,NA
311,2012,33.33333,2.83333,"UGA","Uganda",NA,NA,NA,NA,NA
311,2013,33.33333,2.83333,"UGA","Uganda",NA,NA,NA,NA,NA
311,2014,33.33333,2.83333,"UGA","Uganda",NA,NA,NA,NA,NA
311,2015,33.33333,2.83333,"UGA","Uganda",NA,NA,NA,NA,NA
311,2016,33.33333,2.83333,"UGA","Uganda",NA,NA,NA,NA,NA
311,2017,33.33333,2.83333,"UGA","Uganda",5,42,0.119047619047619,"WHO","https://pubmed.ncbi.nlm.nih.gov/30559133/"
311,2018,33.33333,2.83333,"UGA","Uganda",NA,NA,NA,NA,NA
311,2019,33.33333,2.83333,"UGA","Uganda",NA,NA,NA,NA,NA
311,2020,33.33333,2.83333,"UGA","Uganda",NA,NA,NA,NA,NA
311,2021,33.33333,2.83333,"UGA","Uganda",NA,NA,NA,NA,NA
312,2010,32.83333,1.63333,"UGA","Uganda",NA,NA,NA,NA,NA
312,2011,32.83333,1.63333,"UGA","Uganda",NA,NA,NA,NA,NA
312,2012,32.83333,1.63333,"UGA","Uganda",NA,NA,NA,NA,NA
312,2013,32.83333,1.63333,"UGA","Uganda",NA,NA,NA,NA,NA
312,2014,32.83333,1.63333,"UGA","Uganda",NA,NA,NA,NA,NA
312,2015,32.83333,1.63333,"UGA","Uganda",NA,NA,NA,NA,NA
312,2016,32.83333,1.63333,"UGA","Uganda",NA,NA,NA,NA,NA
312,2017,32.83333,1.63333,"UGA","Uganda",0,48,0,"WHO","https://pubmed.ncbi.nlm.nih.gov/30559133/"
312,2018,32.83333,1.63333,"UGA","Uganda",NA,NA,NA,NA,NA
312,2019,32.83333,1.63333,"UGA","Uganda",NA,NA,NA,NA,NA
312,2020,32.83333,1.63333,"UGA","Uganda",NA,NA,NA,NA,NA
312,2021,32.83333,1.63333,"UGA","Uganda",NA,NA,NA,NA,NA
313,2010,32.53445,1.98509,"UGA","Uganda",NA,NA,NA,NA,NA
313,2011,32.53445,1.98509,"UGA","Uganda",NA,NA,NA,NA,NA
313,2012,32.53445,1.98509,"UGA","Uganda",0,19,0,"WHO","https://pubmed.ncbi.nlm.nih.gov/31358588/"
313,2013,32.53445,1.98509,"UGA","Uganda",NA,NA,NA,NA,NA
313,2014,32.53445,1.98509,"UGA","Uganda",NA,NA,NA,NA,NA
313,2015,32.53445,1.98509,"UGA","Uganda",NA,NA,NA,NA,NA
313,2016,32.53445,1.98509,"UGA","Uganda",NA,NA,NA,NA,NA
313,2017,32.53445,1.98509,"UGA","Uganda",NA,NA,NA,NA,NA
313,2018,32.53445,1.98509,"UGA","Uganda",NA,NA,NA,NA,NA
313,2019,32.53445,1.98509,"UGA","Uganda",NA,NA,NA,NA,NA
313,2020,32.53445,1.98509,"UGA","Uganda",NA,NA,NA,NA,NA
313,2021,32.53445,1.98509,"UGA","Uganda",NA,NA,NA,NA,NA
314,2010,30.91083,3.03528,"UGA","Uganda",NA,NA,NA,NA,NA
314,2011,30.91083,3.03528,"UGA","Uganda",NA,NA,NA,NA,NA
314,2012,30.91083,3.03528,"UGA","Uganda",1,40,0.025,"WHO","https://pubmed.ncbi.nlm.nih.gov/31358588/"
314,2013,30.91083,3.03528,"UGA","Uganda",NA,NA,NA,NA,NA
314,2014,30.91083,3.03528,"UGA","Uganda",NA,NA,NA,NA,NA
314,2015,30.91083,3.03528,"UGA","Uganda",NA,NA,NA,NA,NA
314,2016,30.91083,3.03528,"UGA","Uganda",NA,NA,NA,NA,NA
314,2017,30.91083,3.03528,"UGA","Uganda",1,43,0.0232558139534884,"WHO","https://pubmed.ncbi.nlm.nih.gov/30559133/"
314,2018,30.91083,3.03528,"UGA","Uganda",NA,NA,NA,NA,NA
314,2019,30.91083,3.03528,"UGA","Uganda",NA,NA,NA,NA,NA
314,2020,30.91083,3.03528,"UGA","Uganda",NA,NA,NA,NA,NA
314,2021,30.91083,3.03528,"UGA","Uganda",NA,NA,NA,NA,NA
315,2010,32.29917,2.78167,"UGA","Uganda",NA,NA,NA,NA,NA
315,2011,32.29917,2.78167,"UGA","Uganda",NA,NA,NA,NA,NA
315,2012,32.29917,2.78167,"UGA","Uganda",NA,NA,NA,NA,NA
315,2013,32.29917,2.78167,"UGA","Uganda",NA,NA,NA,NA,NA
315,2014,32.29917,2.78167,"UGA","Uganda",2,327,0.00611620795107034,"WHO","https://pubmed.ncbi.nlm.nih.gov/28068997/,https://pubmed.ncbi.nlm.nih.gov/29553316/"
315,2015,32.29917,2.78167,"UGA","Uganda",NA,NA,NA,NA,NA
315,2016,32.29917,2.78167,"UGA","Uganda",NA,NA,NA,NA,NA
315,2017,32.29917,2.78167,"UGA","Uganda",NA,NA,NA,NA,NA
315,2018,32.29917,2.78167,"UGA","Uganda",NA,NA,NA,NA,NA
315,2019,32.29917,2.78167,"UGA","Uganda",NA,NA,NA,NA,NA
315,2020,32.29917,2.78167,"UGA","Uganda",NA,NA,NA,NA,NA
315,2021,32.29917,2.78167,"UGA","Uganda",NA,NA,NA,NA,NA
316,2010,32.61042,2.30201,"UGA","Uganda",NA,NA,NA,NA,NA
316,2011,32.61042,2.30201,"UGA","Uganda",NA,NA,NA,NA,NA
316,2012,32.61042,2.30201,"UGA","Uganda",NA,NA,NA,NA,NA
316,2013,32.61042,2.30201,"UGA","Uganda",NA,NA,NA,NA,NA
316,2014,32.61042,2.30201,"UGA","Uganda",NA,NA,NA,NA,NA
316,2015,32.61042,2.30201,"UGA","Uganda",NA,NA,NA,NA,NA
316,2016,32.61042,2.30201,"UGA","Uganda",NA,NA,NA,NA,NA
316,2017,32.61042,2.30201,"UGA","Uganda",3,47,0.0638297872340425,"WHO","https://pubmed.ncbi.nlm.nih.gov/30559133/"
316,2018,32.61042,2.30201,"UGA","Uganda",0,45,0,"WHO",NA
316,2019,32.61042,2.30201,"UGA","Uganda",NA,NA,NA,NA,NA
316,2020,32.61042,2.30201,"UGA","Uganda",10,86,0.116279069767442,"WHO",NA
316,2021,32.61042,2.30201,"UGA","Uganda",NA,NA,NA,NA,NA
317,2010,32.60201,1.88795,"UGA","Uganda",NA,NA,NA,NA,NA
317,2011,32.60201,1.88795,"UGA","Uganda",NA,NA,NA,NA,NA
317,2012,32.60201,1.88795,"UGA","Uganda",NA,NA,NA,NA,NA
317,2013,32.60201,1.88795,"UGA","Uganda",NA,NA,NA,NA,NA
317,2014,32.60201,1.88795,"UGA","Uganda",NA,NA,NA,NA,NA
317,2015,32.60201,1.88795,"UGA","Uganda",NA,NA,NA,NA,NA
317,2016,32.60201,1.88795,"UGA","Uganda",NA,NA,NA,NA,NA
317,2017,32.60201,1.88795,"UGA","Uganda",NA,NA,NA,NA,NA
317,2018,32.60201,1.88795,"UGA","Uganda",0,32,0,"WHO",NA
317,2019,32.60201,1.88795,"UGA","Uganda",NA,NA,NA,NA,NA
317,2020,32.60201,1.88795,"UGA","Uganda",0,36,0,"WHO",NA
317,2021,32.60201,1.88795,"UGA","Uganda",NA,NA,NA,NA,NA
318,2010,32.8,3.53333,"UGA","Uganda",NA,NA,NA,NA,NA
318,2011,32.8,3.53333,"UGA","Uganda",NA,NA,NA,NA,NA
318,2012,32.8,3.53333,"UGA","Uganda",NA,NA,NA,NA,NA
318,2013,32.8,3.53333,"UGA","Uganda",NA,NA,NA,NA,NA
318,2014,32.8,3.53333,"UGA","Uganda",NA,NA,NA,NA,NA
318,2015,32.8,3.53333,"UGA","Uganda",NA,NA,NA,NA,NA
318,2016,32.8,3.53333,"UGA","Uganda",NA,NA,NA,NA,NA
318,2017,32.8,3.53333,"UGA","Uganda",8,43,0.186046511627907,"WHO","https://pubmed.ncbi.nlm.nih.gov/30559133/"
318,2018,32.8,3.53333,"UGA","Uganda",NA,NA,NA,NA,NA
318,2019,32.8,3.53333,"UGA","Uganda",NA,NA,NA,NA,NA
318,2020,32.8,3.53333,"UGA","Uganda",NA,NA,NA,NA,NA
318,2021,32.8,3.53333,"UGA","Uganda",NA,NA,NA,NA,NA
319,2010,32.60792,2.65574,"UGA","Uganda",NA,NA,NA,NA,NA
319,2011,32.60792,2.65574,"UGA","Uganda",NA,NA,NA,NA,NA
319,2012,32.60792,2.65574,"UGA","Uganda",NA,NA,NA,NA,NA
319,2013,32.60792,2.65574,"UGA","Uganda",0,60,0,"WHO","http://www.ncbi.nlm.nih.gov/pubmed/27543172"
319,2014,32.60792,2.65574,"UGA","Uganda",NA,NA,NA,NA,NA
319,2015,32.60792,2.65574,"UGA","Uganda",NA,NA,NA,NA,NA
319,2016,32.60792,2.65574,"UGA","Uganda",NA,NA,NA,NA,NA
319,2017,32.60792,2.65574,"UGA","Uganda",NA,NA,NA,NA,NA
319,2018,32.60792,2.65574,"UGA","Uganda",NA,NA,NA,NA,NA
319,2019,32.60792,2.65574,"UGA","Uganda",NA,NA,NA,NA,NA
319,2020,32.60792,2.65574,"UGA","Uganda",NA,NA,NA,NA,NA
319,2021,32.60792,2.65574,"UGA","Uganda",NA,NA,NA,NA,NA
320,2010,32.38522,2.34914,"UGA","Uganda",NA,NA,NA,NA,NA
320,2011,32.38522,2.34914,"UGA","Uganda",NA,NA,NA,NA,NA
320,2012,32.38522,2.34914,"UGA","Uganda",NA,NA,NA,NA,NA
320,2013,32.38522,2.34914,"UGA","Uganda",NA,NA,NA,NA,NA
320,2014,32.38522,2.34914,"UGA","Uganda",NA,NA,NA,NA,NA
320,2015,32.38522,2.34914,"UGA","Uganda",NA,NA,NA,NA,NA
320,2016,32.38522,2.34914,"UGA","Uganda",NA,NA,NA,NA,NA
320,2017,32.38522,2.34914,"UGA","Uganda",NA,NA,NA,NA,NA
320,2018,32.38522,2.34914,"UGA","Uganda",0,32,0,"WHO",NA
320,2019,32.38522,2.34914,"UGA","Uganda",NA,NA,NA,NA,NA
320,2020,32.38522,2.34914,"UGA","Uganda",15,81,0.185185185185185,"WHO",NA
320,2021,32.38522,2.34914,"UGA","Uganda",NA,NA,NA,NA,NA
321,2010,29.7426,-0.81953,"UGA","Uganda",NA,NA,NA,NA,NA
321,2011,29.7426,-0.81953,"UGA","Uganda",NA,NA,NA,NA,NA
321,2012,29.7426,-0.81953,"UGA","Uganda",0,118,0,"WHO","https://pubmed.ncbi.nlm.nih.gov/31358588/"
321,2013,29.7426,-0.81953,"UGA","Uganda",NA,NA,NA,NA,NA
321,2014,29.7426,-0.81953,"UGA","Uganda",NA,NA,NA,NA,NA
321,2015,29.7426,-0.81953,"UGA","Uganda",NA,NA,NA,NA,NA
321,2016,29.7426,-0.81953,"UGA","Uganda",NA,NA,NA,NA,NA
321,2017,29.7426,-0.81953,"UGA","Uganda",0,48,0,"WHO","https://pubmed.ncbi.nlm.nih.gov/30559133/"
321,2018,29.7426,-0.81953,"UGA","Uganda",NA,NA,NA,NA,NA
321,2019,29.7426,-0.81953,"UGA","Uganda",NA,NA,NA,NA,NA
321,2020,29.7426,-0.81953,"UGA","Uganda",NA,NA,NA,NA,NA
321,2021,29.7426,-0.81953,"UGA","Uganda",NA,NA,NA,NA,NA
322,2010,29.70028,-0.74889,"UGA","Uganda",NA,NA,NA,NA,NA
322,2011,29.70028,-0.74889,"UGA","Uganda",NA,NA,NA,NA,NA
322,2012,29.70028,-0.74889,"UGA","Uganda",0,17,0,"WHO","https://pubmed.ncbi.nlm.nih.gov/28039354/"
322,2013,29.70028,-0.74889,"UGA","Uganda",0,24,0,"WHO","https://pubmed.ncbi.nlm.nih.gov/32355199/"
322,2014,29.70028,-0.74889,"UGA","Uganda",NA,NA,NA,NA,NA
322,2015,29.70028,-0.74889,"UGA","Uganda",0,17,0,"WHO","https://pubmed.ncbi.nlm.nih.gov/28039354/"
322,2016,29.70028,-0.74889,"UGA","Uganda",NA,NA,NA,NA,NA
322,2017,29.70028,-0.74889,"UGA","Uganda",NA,NA,NA,NA,NA
322,2018,29.70028,-0.74889,"UGA","Uganda",NA,NA,NA,NA,NA
322,2019,29.70028,-0.74889,"UGA","Uganda",NA,NA,NA,NA,NA
322,2020,29.70028,-0.74889,"UGA","Uganda",NA,NA,NA,NA,NA
322,2021,29.70028,-0.74889,"UGA","Uganda",NA,NA,NA,NA,NA
323,2010,30.6545,-0.60716,"UGA","Uganda",0,191,0,"WHO","http://www.ncbi.nlm.nih.gov/pubmed/27332904"
323,2011,30.6545,-0.60716,"UGA","Uganda",0,7,0,"WHO","http://www.ncbi.nlm.nih.gov/pubmed/27332904"
323,2012,30.6545,-0.60716,"UGA","Uganda",0,34,0,"WHO","http://www.ncbi.nlm.nih.gov/pubmed/27332904"
323,2013,30.6545,-0.60716,"UGA","Uganda",0,36,0,"WHO","http://www.ncbi.nlm.nih.gov/pubmed/27332904"
323,2014,30.6545,-0.60716,"UGA","Uganda",NA,NA,NA,NA,NA
323,2015,30.6545,-0.60716,"UGA","Uganda",NA,NA,NA,NA,NA
323,2016,30.6545,-0.60716,"UGA","Uganda",NA,NA,NA,NA,NA
323,2017,30.6545,-0.60716,"UGA","Uganda",NA,NA,NA,NA,NA
323,2018,30.6545,-0.60716,"UGA","Uganda",NA,NA,NA,NA,NA
323,2019,30.6545,-0.60716,"UGA","Uganda",NA,NA,NA,NA,NA
323,2020,30.6545,-0.60716,"UGA","Uganda",NA,NA,NA,NA,NA
323,2021,30.6545,-0.60716,"UGA","Uganda",NA,NA,NA,NA,NA
324,2010,32.33427,0.84017,"UGA","Uganda",NA,NA,NA,NA,NA
324,2011,32.33427,0.84017,"UGA","Uganda",0,5,0,"WHO","https://pubmed.ncbi.nlm.nih.gov/29941645/"
324,2012,32.33427,0.84017,"UGA","Uganda",0,23,0,"WHO","https://pubmed.ncbi.nlm.nih.gov/28797235/,https://pubmed.ncbi.nlm.nih.gov/32677899/,https://pubmed.ncbi.nlm.nih.gov/33549122/"
324,2013,32.33427,0.84017,"UGA","Uganda",NA,NA,NA,NA,NA
324,2014,32.33427,0.84017,"UGA","Uganda",0,4,0,"WHO","https://pubmed.ncbi.nlm.nih.gov/31619243/"
324,2015,32.33427,0.84017,"UGA","Uganda",NA,NA,NA,NA,NA
324,2016,32.33427,0.84017,"UGA","Uganda",0,11,0,"WHO","https://pubmed.ncbi.nlm.nih.gov/32019571/"
324,2017,32.33427,0.84017,"UGA","Uganda",NA,NA,NA,NA,NA
324,2018,32.33427,0.84017,"UGA","Uganda",NA,NA,NA,NA,NA
324,2019,32.33427,0.84017,"UGA","Uganda",NA,NA,NA,NA,NA
324,2020,32.33427,0.84017,"UGA","Uganda",NA,NA,NA,NA,NA
324,2021,32.33427,0.84017,"UGA","Uganda",NA,NA,NA,NA,NA
325,2010,32.75446,1.24238,"UGA","Uganda",NA,NA,NA,NA,NA
325,2011,32.75446,1.24238,"UGA","Uganda",NA,NA,NA,NA,NA
325,2012,32.75446,1.24238,"UGA","Uganda",NA,NA,NA,NA,NA
325,2013,32.75446,1.24238,"UGA","Uganda",NA,NA,NA,NA,NA
325,2014,32.75446,1.24238,"UGA","Uganda",0,1,0,"WHO","https://pubmed.ncbi.nlm.nih.gov/33295621/"
325,2015,32.75446,1.24238,"UGA","Uganda",NA,NA,NA,NA,NA
325,2016,32.75446,1.24238,"UGA","Uganda",NA,NA,NA,NA,NA
325,2017,32.75446,1.24238,"UGA","Uganda",NA,NA,NA,NA,NA
325,2018,32.75446,1.24238,"UGA","Uganda",NA,NA,NA,NA,NA
325,2019,32.75446,1.24238,"UGA","Uganda",NA,NA,NA,NA,NA
325,2020,32.75446,1.24238,"UGA","Uganda",NA,NA,NA,NA,NA
325,2021,32.75446,1.24238,"UGA","Uganda",NA,NA,NA,NA,NA
326,2010,33.2,0.41667,"UGA","Uganda",NA,NA,NA,NA,NA
326,2011,33.2,0.41667,"UGA","Uganda",NA,NA,NA,NA,NA
326,2012,33.2,0.41667,"UGA","Uganda",NA,NA,NA,NA,NA
326,2013,33.2,0.41667,"UGA","Uganda",NA,NA,NA,NA,NA
326,2014,33.2,0.41667,"UGA","Uganda",NA,NA,NA,NA,NA
326,2015,33.2,0.41667,"UGA","Uganda",NA,NA,NA,NA,NA
326,2016,33.2,0.41667,"UGA","Uganda",NA,NA,NA,NA,NA
326,2017,33.2,0.41667,"UGA","Uganda",NA,NA,NA,NA,NA
326,2018,33.2,0.41667,"UGA","Uganda",0,319,0,"WHO",NA
326,2019,33.2,0.41667,"UGA","Uganda",NA,NA,NA,NA,NA
326,2020,33.2,0.41667,"UGA","Uganda",NA,NA,NA,NA,NA
326,2021,33.2,0.41667,"UGA","Uganda",NA,NA,NA,NA,NA
327,2010,32.58252,0.3476,"UGA","Uganda",NA,NA,NA,NA,NA
327,2011,32.58252,0.3476,"UGA","Uganda",NA,NA,NA,NA,NA
327,2012,32.58252,0.3476,"UGA","Uganda",0,65,0,"WHO","https://pubmed.ncbi.nlm.nih.gov/31358588/"
327,2013,32.58252,0.3476,"UGA","Uganda",NA,NA,NA,NA,NA
327,2014,32.58252,0.3476,"UGA","Uganda",0,106,0,"WHO","http://www.ncbi.nlm.nih.gov/pubmed/26033725,https://pubmed.ncbi.nlm.nih.gov/26033725/"
327,2015,32.58252,0.3476,"UGA","Uganda",NA,NA,NA,NA,NA
327,2016,32.58252,0.3476,"UGA","Uganda",NA,NA,NA,NA,NA
327,2017,32.58252,0.3476,"UGA","Uganda",NA,NA,NA,NA,NA
327,2018,32.58252,0.3476,"UGA","Uganda",NA,NA,NA,NA,NA
327,2019,32.58252,0.3476,"UGA","Uganda",NA,NA,NA,NA,NA
327,2020,32.58252,0.3476,"UGA","Uganda",NA,NA,NA,NA,NA
327,2021,32.58252,0.3476,"UGA","Uganda",NA,NA,NA,NA,NA
328,2010,32.25876,0.82739,"UGA","Uganda",NA,NA,NA,NA,NA
328,2011,32.25876,0.82739,"UGA","Uganda",NA,NA,NA,NA,NA
328,2012,32.25876,0.82739,"UGA","Uganda",NA,NA,NA,NA,NA
328,2013,32.25876,0.82739,"UGA","Uganda",NA,NA,NA,NA,NA
328,2014,32.25876,0.82739,"UGA","Uganda",NA,NA,NA,NA,NA
328,2015,32.25876,0.82739,"UGA","Uganda",NA,NA,NA,NA,NA
328,2016,32.25876,0.82739,"UGA","Uganda",NA,NA,NA,NA,NA
328,2017,32.25876,0.82739,"UGA","Uganda",NA,NA,NA,NA,NA
328,2018,32.25876,0.82739,"UGA","Uganda",101,1228,0.0822475570032573,"WHO","http://www.ncbi.nlm.nih.gov/pubmed/37611122,https://pubmed.ncbi.nlm.nih.gov/33146722/"
328,2019,32.25876,0.82739,"UGA","Uganda",57,482,0.118257261410788,"WHO","https://pubmed.ncbi.nlm.nih.gov/33146722/"
328,2020,32.25876,0.82739,"UGA","Uganda",NA,NA,NA,NA,NA
328,2021,32.25876,0.82739,"UGA","Uganda",NA,NA,NA,NA,NA
347,2010,32.5718422248767,2.11937445464845,"UGA","Uganda",0,12,0,"Pf7k","https://pubmed.ncbi.nlm.nih.gov/36864926/"
347,2011,32.5718422248767,2.11937445464845,"UGA","Uganda",NA,NA,NA,NA,NA
347,2012,32.5718422248767,2.11937445464845,"UGA","Uganda",NA,NA,NA,NA,NA
347,2013,32.5718422248767,2.11937445464845,"UGA","Uganda",NA,NA,NA,NA,NA
347,2014,32.5718422248767,2.11937445464845,"UGA","Uganda",NA,NA,NA,NA,NA
347,2015,32.5718422248767,2.11937445464845,"UGA","Uganda",NA,NA,NA,NA,NA
347,2016,32.5718422248767,2.11937445464845,"UGA","Uganda",NA,NA,NA,NA,NA
347,2017,32.5718422248767,2.11937445464845,"UGA","Uganda",NA,NA,NA,NA,NA
347,2018,32.5718422248767,2.11937445464845,"UGA","Uganda",NA,NA,NA,NA,NA
347,2019,32.5718422248767,2.11937445464845,"UGA","Uganda",NA,NA,NA,NA,NA
347,2020,32.5718422248767,2.11937445464845,"UGA","Uganda",NA,NA,NA,NA,NA
347,2021,32.5718422248767,2.11937445464845,"UGA","Uganda",NA,NA,NA,NA,NA
608,2010,33.3305549621582,2.98472189903259,"UGA","Uganda",NA,NA,NA,NA,NA
608,2011,33.3305549621582,2.98472189903259,"UGA","Uganda",NA,NA,NA,NA,NA
608,2012,33.3305549621582,2.98472189903259,"UGA","Uganda",NA,NA,NA,NA,NA
608,2013,33.3305549621582,2.98472189903259,"UGA","Uganda",NA,NA,NA,NA,NA
608,2014,33.3305549621582,2.98472189903259,"UGA","Uganda",NA,NA,NA,NA,NA
608,2015,33.3305549621582,2.98472189903259,"UGA","Uganda",NA,NA,NA,NA,NA
608,2016,33.3305549621582,2.98472189903259,"UGA","Uganda",NA,NA,NA,NA,NA
608,2017,33.3305549621582,2.98472189903259,"UGA","Uganda",4,42,0.0952380952380952,"WWARN","https://pubmed.ncbi.nlm.nih.gov/30559133"
608,2018,33.3305549621582,2.98472189903259,"UGA","Uganda",4,30,0.133333333333333,"WWARN","https://pubmed.ncbi.nlm.nih.gov/33146722"
608,2019,33.3305549621582,2.98472189903259,"UGA","Uganda",NA,NA,NA,NA,NA
608,2020,33.3305549621582,2.98472189903259,"UGA","Uganda",NA,NA,NA,NA,NA
608,2021,33.3305549621582,2.98472189903259,"UGA","Uganda",25,53,0.471698113207547,"WWARN","https://pubmed.ncbi.nlm.nih.gov/36289202"
609,2010,32.8333320617676,1.63333296775818,"UGA","Uganda",NA,NA,NA,NA,NA
609,2011,32.8333320617676,1.63333296775818,"UGA","Uganda",NA,NA,NA,NA,NA
609,2012,32.8333320617676,1.63333296775818,"UGA","Uganda",NA,NA,NA,NA,NA
609,2013,32.8333320617676,1.63333296775818,"UGA","Uganda",NA,NA,NA,NA,NA
609,2014,32.8333320617676,1.63333296775818,"UGA","Uganda",NA,NA,NA,NA,NA
609,2015,32.8333320617676,1.63333296775818,"UGA","Uganda",NA,NA,NA,NA,NA
609,2016,32.8333320617676,1.63333296775818,"UGA","Uganda",NA,NA,NA,NA,NA
609,2017,32.8333320617676,1.63333296775818,"UGA","Uganda",0,48,0,"WWARN","https://pubmed.ncbi.nlm.nih.gov/30559133"
609,2018,32.8333320617676,1.63333296775818,"UGA","Uganda",0,16,0,"WWARN","https://pubmed.ncbi.nlm.nih.gov/33146722"
609,2019,32.8333320617676,1.63333296775818,"UGA","Uganda",1,17,0.0588235294117647,"WWARN","https://pubmed.ncbi.nlm.nih.gov/33146722"
609,2020,32.8333320617676,1.63333296775818,"UGA","Uganda",NA,NA,NA,NA,NA
609,2021,32.8333320617676,1.63333296775818,"UGA","Uganda",NA,NA,NA,NA,NA
610,2010,32.7205467224121,2.01838493347168,"UGA","Uganda",NA,NA,NA,NA,NA
610,2011,32.7205467224121,2.01838493347168,"UGA","Uganda",NA,NA,NA,NA,NA
610,2012,32.7205467224121,2.01838493347168,"UGA","Uganda",NA,NA,NA,NA,NA
610,2013,32.7205467224121,2.01838493347168,"UGA","Uganda",NA,NA,NA,NA,NA
610,2014,32.7205467224121,2.01838493347168,"UGA","Uganda",NA,NA,NA,NA,NA
610,2015,32.7205467224121,2.01838493347168,"UGA","Uganda",NA,NA,NA,NA,NA
610,2016,32.7205467224121,2.01838493347168,"UGA","Uganda",NA,NA,NA,NA,NA
610,2017,32.7205467224121,2.01838493347168,"UGA","Uganda",NA,NA,NA,NA,NA
610,2018,32.7205467224121,2.01838493347168,"UGA","Uganda",0,42,0,"WWARN",NA
610,2019,32.7205467224121,2.01838493347168,"UGA","Uganda",NA,NA,NA,NA,NA
610,2020,32.7205467224121,2.01838493347168,"UGA","Uganda",NA,NA,NA,NA,NA
610,2021,32.7205467224121,2.01838493347168,"UGA","Uganda",NA,NA,NA,NA,NA
611,2010,32.5339088439941,1.98434996604919,"UGA","Uganda",NA,NA,NA,NA,NA
611,2011,32.5339088439941,1.98434996604919,"UGA","Uganda",NA,NA,NA,NA,NA
611,2012,32.5339088439941,1.98434996604919,"UGA","Uganda",0,133,0,"WWARN","https://pubmed.ncbi.nlm.nih.gov/25144768"
611,2013,32.5339088439941,1.98434996604919,"UGA","Uganda",NA,NA,NA,NA,NA
611,2014,32.5339088439941,1.98434996604919,"UGA","Uganda",NA,NA,NA,NA,NA
611,2015,32.5339088439941,1.98434996604919,"UGA","Uganda",NA,NA,NA,NA,NA
611,2016,32.5339088439941,1.98434996604919,"UGA","Uganda",NA,NA,NA,NA,NA
611,2017,32.5339088439941,1.98434996604919,"UGA","Uganda",NA,NA,NA,NA,NA
611,2018,32.5339088439941,1.98434996604919,"UGA","Uganda",NA,NA,NA,NA,NA
611,2019,32.5339088439941,1.98434996604919,"UGA","Uganda",NA,NA,NA,NA,NA
611,2020,32.5339088439941,1.98434996604919,"UGA","Uganda",NA,NA,NA,NA,NA
611,2021,32.5339088439941,1.98434996604919,"UGA","Uganda",NA,NA,NA,NA,NA
612,2010,30.9099998474121,3.02999997138977,"UGA","Uganda",NA,NA,NA,NA,NA
612,2011,30.9099998474121,3.02999997138977,"UGA","Uganda",NA,NA,NA,NA,NA
612,2012,30.9099998474121,3.02999997138977,"UGA","Uganda",NA,NA,NA,NA,NA
612,2013,30.9099998474121,3.02999997138977,"UGA","Uganda",NA,NA,NA,NA,NA
612,2014,30.9099998474121,3.02999997138977,"UGA","Uganda",NA,NA,NA,NA,NA
612,2015,30.9099998474121,3.02999997138977,"UGA","Uganda",NA,NA,NA,NA,NA
612,2016,30.9099998474121,3.02999997138977,"UGA","Uganda",NA,NA,NA,NA,NA
612,2017,30.9099998474121,3.02999997138977,"UGA","Uganda",1,43,0.0232558139534884,"WWARN","https://pubmed.ncbi.nlm.nih.gov/30559133"
612,2018,30.9099998474121,3.02999997138977,"UGA","Uganda",0,83,0,"WWARN","https://pubmed.ncbi.nlm.nih.gov/33146722,NA"
612,2019,30.9099998474121,3.02999997138977,"UGA","Uganda",1,34,0.0294117647058824,"WWARN","https://pubmed.ncbi.nlm.nih.gov/33146722"
612,2020,30.9099998474121,3.02999997138977,"UGA","Uganda",NA,NA,NA,NA,NA
612,2021,30.9099998474121,3.02999997138977,"UGA","Uganda",NA,NA,NA,NA,NA
613,2010,34.0343933105469,0.412909537553787,"UGA","Uganda",NA,NA,NA,NA,NA
613,2011,34.0343933105469,0.412909537553787,"UGA","Uganda",NA,NA,NA,NA,NA
613,2012,34.0343933105469,0.412909537553787,"UGA","Uganda",NA,NA,NA,NA,NA
613,2013,34.0343933105469,0.412909537553787,"UGA","Uganda",NA,NA,NA,NA,NA
613,2014,34.0343933105469,0.412909537553787,"UGA","Uganda",NA,NA,NA,NA,NA
613,2015,34.0343933105469,0.412909537553787,"UGA","Uganda",NA,NA,NA,NA,NA
613,2016,34.0343933105469,0.412909537553787,"UGA","Uganda",NA,NA,NA,NA,NA
613,2017,34.0343933105469,0.412909537553787,"UGA","Uganda",NA,NA,NA,NA,NA
613,2018,34.0343933105469,0.412909537553787,"UGA","Uganda",0,83,0,"WWARN",NA
613,2019,34.0343933105469,0.412909537553787,"UGA","Uganda",NA,NA,NA,NA,NA
613,2020,34.0343933105469,0.412909537553787,"UGA","Uganda",NA,NA,NA,NA,NA
613,2021,34.0343933105469,0.412909537553787,"UGA","Uganda",NA,NA,NA,NA,NA
614,2010,32.2881011962891,2.77239990234375,"UGA","Uganda",NA,NA,NA,NA,NA
614,2011,32.2881011962891,2.77239990234375,"UGA","Uganda",NA,NA,NA,NA,NA
614,2012,32.2881011962891,2.77239990234375,"UGA","Uganda",NA,NA,NA,NA,NA
614,2013,32.2881011962891,2.77239990234375,"UGA","Uganda",NA,NA,NA,NA,NA
614,2014,32.2881011962891,2.77239990234375,"UGA","Uganda",0,143,0,"WWARN","https://pubmed.ncbi.nlm.nih.gov/28068997"
614,2015,32.2881011962891,2.77239990234375,"UGA","Uganda",0,77,0,"WWARN","https://pubmed.ncbi.nlm.nih.gov/34551228"
614,2016,32.2881011962891,2.77239990234375,"UGA","Uganda",3,94,0.0319148936170213,"WWARN","https://pubmed.ncbi.nlm.nih.gov/34551228"
614,2017,32.2881011962891,2.77239990234375,"UGA","Uganda",9,295,0.0305084745762712,"WWARN","https://pubmed.ncbi.nlm.nih.gov/29553316,https://pubmed.ncbi.nlm.nih.gov/34551228"
614,2018,32.2881011962891,2.77239990234375,"UGA","Uganda",9,67,0.134328358208955,"WWARN","https://pubmed.ncbi.nlm.nih.gov/34551228"
614,2019,32.2881011962891,2.77239990234375,"UGA","Uganda",15,96,0.15625,"WWARN","https://pubmed.ncbi.nlm.nih.gov/34551228"
614,2020,32.2881011962891,2.77239990234375,"UGA","Uganda",NA,NA,NA,NA,NA
614,2021,32.2881011962891,2.77239990234375,"UGA","Uganda",NA,NA,NA,NA,NA
615,2010,32.2941398620605,2.77377700805664,"UGA","Uganda",NA,NA,NA,NA,NA
615,2011,32.2941398620605,2.77377700805664,"UGA","Uganda",NA,NA,NA,NA,NA
615,2012,32.2941398620605,2.77377700805664,"UGA","Uganda",NA,NA,NA,NA,NA
615,2013,32.2941398620605,2.77377700805664,"UGA","Uganda",0,60,0,"WWARN","https://pubmed.ncbi.nlm.nih.gov/27543172"
615,2014,32.2941398620605,2.77377700805664,"UGA","Uganda",NA,NA,NA,NA,NA
615,2015,32.2941398620605,2.77377700805664,"UGA","Uganda",NA,NA,NA,NA,NA
615,2016,32.2941398620605,2.77377700805664,"UGA","Uganda",NA,NA,NA,NA,NA
615,2017,32.2941398620605,2.77377700805664,"UGA","Uganda",NA,NA,NA,NA,NA
615,2018,32.2941398620605,2.77377700805664,"UGA","Uganda",NA,NA,NA,NA,NA
615,2019,32.2941398620605,2.77377700805664,"UGA","Uganda",NA,NA,NA,NA,NA
615,2020,32.2941398620605,2.77377700805664,"UGA","Uganda",NA,NA,NA,NA,NA
615,2021,32.2941398620605,2.77377700805664,"UGA","Uganda",NA,NA,NA,NA,NA
616,2010,31.3555812835693,1.42974781990051,"UGA","Uganda",NA,NA,NA,NA,NA
616,2011,31.3555812835693,1.42974781990051,"UGA","Uganda",NA,NA,NA,NA,NA
616,2012,31.3555812835693,1.42974781990051,"UGA","Uganda",NA,NA,NA,NA,NA
616,2013,31.3555812835693,1.42974781990051,"UGA","Uganda",NA,NA,NA,NA,NA
616,2014,31.3555812835693,1.42974781990051,"UGA","Uganda",NA,NA,NA,NA,NA
616,2015,31.3555812835693,1.42974781990051,"UGA","Uganda",NA,NA,NA,NA,NA
616,2016,31.3555812835693,1.42974781990051,"UGA","Uganda",NA,NA,NA,NA,NA
616,2017,31.3555812835693,1.42974781990051,"UGA","Uganda",NA,NA,NA,NA,NA
616,2018,31.3555812835693,1.42974781990051,"UGA","Uganda",1,43,0.0232558139534884,"WWARN","https://pubmed.ncbi.nlm.nih.gov/33146722"
616,2019,31.3555812835693,1.42974781990051,"UGA","Uganda",2,45,0.0444444444444444,"WWARN","https://pubmed.ncbi.nlm.nih.gov/33146722"
616,2020,31.3555812835693,1.42974781990051,"UGA","Uganda",NA,NA,NA,NA,NA
616,2021,31.3555812835693,1.42974781990051,"UGA","Uganda",NA,NA,NA,NA,NA
617,2010,33.2042007446289,0.424443989992142,"UGA","Uganda",NA,NA,NA,NA,NA
617,2011,33.2042007446289,0.424443989992142,"UGA","Uganda",NA,NA,NA,NA,NA
617,2012,33.2042007446289,0.424443989992142,"UGA","Uganda",NA,NA,NA,NA,NA
617,2013,33.2042007446289,0.424443989992142,"UGA","Uganda",0,169,0,"WWARN","https://pubmed.ncbi.nlm.nih.gov/26079933,https://pubmed.ncbi.nlm.nih.gov/35511795"
617,2014,33.2042007446289,0.424443989992142,"UGA","Uganda",NA,NA,NA,NA,NA
617,2015,33.2042007446289,0.424443989992142,"UGA","Uganda",NA,NA,NA,NA,NA
617,2016,33.2042007446289,0.424443989992142,"UGA","Uganda",NA,NA,NA,NA,NA
617,2017,33.2042007446289,0.424443989992142,"UGA","Uganda",0,48,0,"WWARN","https://pubmed.ncbi.nlm.nih.gov/30559133"
617,2018,33.2042007446289,0.424443989992142,"UGA","Uganda",1,34,0.0294117647058824,"WWARN","https://pubmed.ncbi.nlm.nih.gov/33146722"
617,2019,33.2042007446289,0.424443989992142,"UGA","Uganda",0,50,0,"WWARN","https://pubmed.ncbi.nlm.nih.gov/33146722"
617,2020,33.2042007446289,0.424443989992142,"UGA","Uganda",NA,NA,NA,NA,NA
617,2021,33.2042007446289,0.424443989992142,"UGA","Uganda",NA,NA,NA,NA,NA
618,2010,33.2314567565918,0.442925989627838,"UGA","Uganda",NA,NA,NA,NA,NA
618,2011,33.2314567565918,0.442925989627838,"UGA","Uganda",NA,NA,NA,NA,NA
618,2012,33.2314567565918,0.442925989627838,"UGA","Uganda",0,20,0,"WWARN","https://pubmed.ncbi.nlm.nih.gov/28039354"
618,2013,33.2314567565918,0.442925989627838,"UGA","Uganda",0,20,0,"WWARN","https://pubmed.ncbi.nlm.nih.gov/28039354"
618,2014,33.2314567565918,0.442925989627838,"UGA","Uganda",NA,NA,NA,NA,NA
618,2015,33.2314567565918,0.442925989627838,"UGA","Uganda",0,20,0,"WWARN","https://pubmed.ncbi.nlm.nih.gov/28039354"
618,2016,33.2314567565918,0.442925989627838,"UGA","Uganda",NA,NA,NA,NA,NA
618,2017,33.2314567565918,0.442925989627838,"UGA","Uganda",NA,NA,NA,NA,NA
618,2018,33.2314567565918,0.442925989627838,"UGA","Uganda",NA,NA,NA,NA,NA
618,2019,33.2314567565918,0.442925989627838,"UGA","Uganda",NA,NA,NA,NA,NA
618,2020,33.2314567565918,0.442925989627838,"UGA","Uganda",NA,NA,NA,NA,NA
618,2021,33.2314567565918,0.442925989627838,"UGA","Uganda",NA,NA,NA,NA,NA
619,2010,34.1321182250977,3.51472210884094,"UGA","Uganda",NA,NA,NA,NA,NA
619,2011,34.1321182250977,3.51472210884094,"UGA","Uganda",NA,NA,NA,NA,NA
619,2012,34.1321182250977,3.51472210884094,"UGA","Uganda",NA,NA,NA,NA,NA
619,2013,34.1321182250977,3.51472210884094,"UGA","Uganda",NA,NA,NA,NA,NA
619,2014,34.1321182250977,3.51472210884094,"UGA","Uganda",NA,NA,NA,NA,NA
619,2015,34.1321182250977,3.51472210884094,"UGA","Uganda",NA,NA,NA,NA,NA
619,2016,34.1321182250977,3.51472210884094,"UGA","Uganda",NA,NA,NA,NA,NA
619,2017,34.1321182250977,3.51472210884094,"UGA","Uganda",NA,NA,NA,NA,NA
619,2018,34.1321182250977,3.51472210884094,"UGA","Uganda",4,30,0.133333333333333,"WWARN","https://pubmed.ncbi.nlm.nih.gov/33146722"
619,2019,34.1321182250977,3.51472210884094,"UGA","Uganda",NA,NA,NA,NA,NA
619,2020,34.1321182250977,3.51472210884094,"UGA","Uganda",NA,NA,NA,NA,NA
619,2021,34.1321182250977,3.51472210884094,"UGA","Uganda",NA,NA,NA,NA,NA
620,2010,29.9855995178223,-1.24196004867554,"UGA","Uganda",NA,NA,NA,NA,NA
620,2011,29.9855995178223,-1.24196004867554,"UGA","Uganda",NA,NA,NA,NA,NA
620,2012,29.9855995178223,-1.24196004867554,"UGA","Uganda",NA,NA,NA,NA,NA
620,2013,29.9855995178223,-1.24196004867554,"UGA","Uganda",NA,NA,NA,NA,NA
620,2014,29.9855995178223,-1.24196004867554,"UGA","Uganda",NA,NA,NA,NA,NA
620,2015,29.9855995178223,-1.24196004867554,"UGA","Uganda",NA,NA,NA,NA,NA
620,2016,29.9855995178223,-1.24196004867554,"UGA","Uganda",NA,NA,NA,NA,NA
620,2017,29.9855995178223,-1.24196004867554,"UGA","Uganda",NA,NA,NA,NA,NA
620,2018,29.9855995178223,-1.24196004867554,"UGA","Uganda",NA,NA,NA,NA,NA
620,2019,29.9855995178223,-1.24196004867554,"UGA","Uganda",1,15,0.0666666666666667,"WWARN","https://pubmed.ncbi.nlm.nih.gov/33146722"
620,2020,29.9855995178223,-1.24196004867554,"UGA","Uganda",NA,NA,NA,NA,NA
620,2021,29.9855995178223,-1.24196004867554,"UGA","Uganda",NA,NA,NA,NA,NA
621,2010,29.7425994873047,-0.819525003433228,"UGA","Uganda",NA,NA,NA,NA,NA
621,2011,29.7425994873047,-0.819525003433228,"UGA","Uganda",NA,NA,NA,NA,NA
621,2012,29.7425994873047,-0.819525003433228,"UGA","Uganda",NA,NA,NA,NA,NA
621,2013,29.7425994873047,-0.819525003433228,"UGA","Uganda",NA,NA,NA,NA,NA
621,2014,29.7425994873047,-0.819525003433228,"UGA","Uganda",NA,NA,NA,NA,NA
621,2015,29.7425994873047,-0.819525003433228,"UGA","Uganda",NA,NA,NA,NA,NA
621,2016,29.7425994873047,-0.819525003433228,"UGA","Uganda",NA,NA,NA,NA,NA
621,2017,29.7425994873047,-0.819525003433228,"UGA","Uganda",0,48,0,"WWARN","https://pubmed.ncbi.nlm.nih.gov/30559133"
621,2018,29.7425994873047,-0.819525003433228,"UGA","Uganda",0,37,0,"WWARN","https://pubmed.ncbi.nlm.nih.gov/33146722"
621,2019,29.7425994873047,-0.819525003433228,"UGA","Uganda",0,37,0,"WWARN","https://pubmed.ncbi.nlm.nih.gov/33146722"
621,2020,29.7425994873047,-0.819525003433228,"UGA","Uganda",NA,NA,NA,NA,NA
621,2021,29.7425994873047,-0.819525003433228,"UGA","Uganda",NA,NA,NA,NA,NA
622,2010,29.7000007629395,-0.75,"UGA","Uganda",NA,NA,NA,NA,NA
622,2011,29.7000007629395,-0.75,"UGA","Uganda",NA,NA,NA,NA,NA
622,2012,29.7000007629395,-0.75,"UGA","Uganda",0,20,0,"WWARN","https://pubmed.ncbi.nlm.nih.gov/28039354"
622,2013,29.7000007629395,-0.75,"UGA","Uganda",0,20,0,"WWARN","https://pubmed.ncbi.nlm.nih.gov/28039354"
622,2014,29.7000007629395,-0.75,"UGA","Uganda",NA,NA,NA,NA,NA
622,2015,29.7000007629395,-0.75,"UGA","Uganda",0,20,0,"WWARN","https://pubmed.ncbi.nlm.nih.gov/28039354"
622,2016,29.7000007629395,-0.75,"UGA","Uganda",NA,NA,NA,NA,NA
622,2017,29.7000007629395,-0.75,"UGA","Uganda",NA,NA,NA,NA,NA
622,2018,29.7000007629395,-0.75,"UGA","Uganda",NA,NA,NA,NA,NA
622,2019,29.7000007629395,-0.75,"UGA","Uganda",NA,NA,NA,NA,NA
622,2020,29.7000007629395,-0.75,"UGA","Uganda",NA,NA,NA,NA,NA
622,2021,29.7000007629395,-0.75,"UGA","Uganda",NA,NA,NA,NA,NA
623,2010,34.4492301940918,1.39583361148834,"UGA","Uganda",NA,NA,NA,NA,NA
623,2011,34.4492301940918,1.39583361148834,"UGA","Uganda",NA,NA,NA,NA,NA
623,2012,34.4492301940918,1.39583361148834,"UGA","Uganda",NA,NA,NA,NA,NA
623,2013,34.4492301940918,1.39583361148834,"UGA","Uganda",NA,NA,NA,NA,NA
623,2014,34.4492301940918,1.39583361148834,"UGA","Uganda",NA,NA,NA,NA,NA
623,2015,34.4492301940918,1.39583361148834,"UGA","Uganda",NA,NA,NA,NA,NA
623,2016,34.4492301940918,1.39583361148834,"UGA","Uganda",NA,NA,NA,NA,NA
623,2017,34.4492301940918,1.39583361148834,"UGA","Uganda",NA,NA,NA,NA,NA
623,2018,34.4492301940918,1.39583361148834,"UGA","Uganda",NA,NA,NA,NA,NA
623,2019,34.4492301940918,1.39583361148834,"UGA","Uganda",0,22,0,"WWARN","https://pubmed.ncbi.nlm.nih.gov/33146722"
623,2020,34.4492301940918,1.39583361148834,"UGA","Uganda",NA,NA,NA,NA,NA
623,2021,34.4492301940918,1.39583361148834,"UGA","Uganda",NA,NA,NA,NA,NA
624,2010,30.0866527557373,0.172390550374985,"UGA","Uganda",NA,NA,NA,NA,NA
624,2011,30.0866527557373,0.172390550374985,"UGA","Uganda",NA,NA,NA,NA,NA
624,2012,30.0866527557373,0.172390550374985,"UGA","Uganda",NA,NA,NA,NA,NA
624,2013,30.0866527557373,0.172390550374985,"UGA","Uganda",NA,NA,NA,NA,NA
624,2014,30.0866527557373,0.172390550374985,"UGA","Uganda",NA,NA,NA,NA,NA
624,2015,30.0866527557373,0.172390550374985,"UGA","Uganda",NA,NA,NA,NA,NA
624,2016,30.0866527557373,0.172390550374985,"UGA","Uganda",NA,NA,NA,NA,NA
624,2017,30.0866527557373,0.172390550374985,"UGA","Uganda",NA,NA,NA,NA,NA
624,2018,30.0866527557373,0.172390550374985,"UGA","Uganda",0,23,0,"WWARN","https://pubmed.ncbi.nlm.nih.gov/33146722"
624,2019,30.0866527557373,0.172390550374985,"UGA","Uganda",1,33,0.0303030303030303,"WWARN","https://pubmed.ncbi.nlm.nih.gov/33146722"
624,2020,30.0866527557373,0.172390550374985,"UGA","Uganda",NA,NA,NA,NA,NA
624,2021,30.0866527557373,0.172390550374985,"UGA","Uganda",NA,NA,NA,NA,NA
625,2010,33.9601745605469,1.91600894927979,"UGA","Uganda",NA,NA,NA,NA,NA
625,2011,33.9601745605469,1.91600894927979,"UGA","Uganda",NA,NA,NA,NA,NA
625,2012,33.9601745605469,1.91600894927979,"UGA","Uganda",NA,NA,NA,NA,NA
625,2013,33.9601745605469,1.91600894927979,"UGA","Uganda",NA,NA,NA,NA,NA
625,2014,33.9601745605469,1.91600894927979,"UGA","Uganda",NA,NA,NA,NA,NA
625,2015,33.9601745605469,1.91600894927979,"UGA","Uganda",NA,NA,NA,NA,NA
625,2016,33.9601745605469,1.91600894927979,"UGA","Uganda",NA,NA,NA,NA,NA
625,2017,33.9601745605469,1.91600894927979,"UGA","Uganda",NA,NA,NA,NA,NA
625,2018,33.9601745605469,1.91600894927979,"UGA","Uganda",5,38,0.131578947368421,"WWARN","https://pubmed.ncbi.nlm.nih.gov/33146722"
625,2019,33.9601745605469,1.91600894927979,"UGA","Uganda",4,32,0.125,"WWARN","https://pubmed.ncbi.nlm.nih.gov/33146722"
625,2020,33.9601745605469,1.91600894927979,"UGA","Uganda",NA,NA,NA,NA,NA
625,2021,33.9601745605469,1.91600894927979,"UGA","Uganda",NA,NA,NA,NA,NA
626,2010,30.9613990783691,3.4139723777771,"UGA","Uganda",NA,NA,NA,NA,NA
626,2011,30.9613990783691,3.4139723777771,"UGA","Uganda",NA,NA,NA,NA,NA
626,2012,30.9613990783691,3.4139723777771,"UGA","Uganda",NA,NA,NA,NA,NA
626,2013,30.9613990783691,3.4139723777771,"UGA","Uganda",NA,NA,NA,NA,NA
626,2014,30.9613990783691,3.4139723777771,"UGA","Uganda",NA,NA,NA,NA,NA
626,2015,30.9613990783691,3.4139723777771,"UGA","Uganda",NA,NA,NA,NA,NA
626,2016,30.9613990783691,3.4139723777771,"UGA","Uganda",NA,NA,NA,NA,NA
626,2017,30.9613990783691,3.4139723777771,"UGA","Uganda",NA,NA,NA,NA,NA
626,2018,30.9613990783691,3.4139723777771,"UGA","Uganda",0,28,0,"WWARN","https://pubmed.ncbi.nlm.nih.gov/33146722"
626,2019,30.9613990783691,3.4139723777771,"UGA","Uganda",0,20,0,"WWARN","https://pubmed.ncbi.nlm.nih.gov/33146722"
626,2020,30.9613990783691,3.4139723777771,"UGA","Uganda",NA,NA,NA,NA,NA
626,2021,30.9613990783691,3.4139723777771,"UGA","Uganda",NA,NA,NA,NA,NA
627,2010,32.8011093139648,2.42861104011536,"UGA","Uganda",NA,NA,NA,NA,NA
627,2011,32.8011093139648,2.42861104011536,"UGA","Uganda",NA,NA,NA,NA,NA
627,2012,32.8011093139648,2.42861104011536,"UGA","Uganda",NA,NA,NA,NA,NA
627,2013,32.8011093139648,2.42861104011536,"UGA","Uganda",NA,NA,NA,NA,NA
627,2014,32.8011093139648,2.42861104011536,"UGA","Uganda",NA,NA,NA,NA,NA
627,2015,32.8011093139648,2.42861104011536,"UGA","Uganda",NA,NA,NA,NA,NA
627,2016,32.8011093139648,2.42861104011536,"UGA","Uganda",NA,NA,NA,NA,NA
627,2017,32.8011093139648,2.42861104011536,"UGA","Uganda",2,47,0.0425531914893617,"WWARN","https://pubmed.ncbi.nlm.nih.gov/30559133"
627,2018,32.8011093139648,2.42861104011536,"UGA","Uganda",1,30,0.0333333333333333,"WWARN","https://pubmed.ncbi.nlm.nih.gov/33146722"
627,2019,32.8011093139648,2.42861104011536,"UGA","Uganda",6,35,0.171428571428571,"WWARN","https://pubmed.ncbi.nlm.nih.gov/33146722"
627,2020,32.8011093139648,2.42861104011536,"UGA","Uganda",NA,NA,NA,NA,NA
627,2021,32.8011093139648,2.42861104011536,"UGA","Uganda",NA,NA,NA,NA,NA
628,2010,32.7999992370605,3.53333306312561,"UGA","Uganda",NA,NA,NA,NA,NA
628,2011,32.7999992370605,3.53333306312561,"UGA","Uganda",NA,NA,NA,NA,NA
628,2012,32.7999992370605,3.53333306312561,"UGA","Uganda",NA,NA,NA,NA,NA
628,2013,32.7999992370605,3.53333306312561,"UGA","Uganda",NA,NA,NA,NA,NA
628,2014,32.7999992370605,3.53333306312561,"UGA","Uganda",NA,NA,NA,NA,NA
628,2015,32.7999992370605,3.53333306312561,"UGA","Uganda",NA,NA,NA,NA,NA
628,2016,32.7999992370605,3.53333306312561,"UGA","Uganda",NA,NA,NA,NA,NA
628,2017,32.7999992370605,3.53333306312561,"UGA","Uganda",6,43,0.13953488372093,"WWARN","https://pubmed.ncbi.nlm.nih.gov/30559133"
628,2018,32.7999992370605,3.53333306312561,"UGA","Uganda",7,30,0.233333333333333,"WWARN","https://pubmed.ncbi.nlm.nih.gov/33146722"
628,2019,32.7999992370605,3.53333306312561,"UGA","Uganda",8,27,0.296296296296296,"WWARN","https://pubmed.ncbi.nlm.nih.gov/33146722"
628,2020,32.7999992370605,3.53333306312561,"UGA","Uganda",NA,NA,NA,NA,NA
628,2021,32.7999992370605,3.53333306312561,"UGA","Uganda",NA,NA,NA,NA,NA
629,2010,30.6193008422852,-0.611434996128082,"UGA","Uganda",NA,NA,NA,NA,NA
629,2011,30.6193008422852,-0.611434996128082,"UGA","Uganda",NA,NA,NA,NA,NA
629,2012,30.6193008422852,-0.611434996128082,"UGA","Uganda",NA,NA,NA,NA,NA
629,2013,30.6193008422852,-0.611434996128082,"UGA","Uganda",NA,NA,NA,NA,NA
629,2014,30.6193008422852,-0.611434996128082,"UGA","Uganda",0,283,0,"WWARN","https://pubmed.ncbi.nlm.nih.gov/27332904"
629,2015,30.6193008422852,-0.611434996128082,"UGA","Uganda",NA,NA,NA,NA,NA
629,2016,30.6193008422852,-0.611434996128082,"UGA","Uganda",NA,NA,NA,NA,NA
629,2017,30.6193008422852,-0.611434996128082,"UGA","Uganda",NA,NA,NA,NA,NA
629,2018,30.6193008422852,-0.611434996128082,"UGA","Uganda",NA,NA,NA,NA,NA
629,2019,30.6193008422852,-0.611434996128082,"UGA","Uganda",NA,NA,NA,NA,NA
629,2020,30.6193008422852,-0.611434996128082,"UGA","Uganda",NA,NA,NA,NA,NA
629,2021,30.6193008422852,-0.611434996128082,"UGA","Uganda",NA,NA,NA,NA,NA
630,2010,31.3950004577637,0.557500004768372,"UGA","Uganda",NA,NA,NA,NA,NA
630,2011,31.3950004577637,0.557500004768372,"UGA","Uganda",NA,NA,NA,NA,NA
630,2012,31.3950004577637,0.557500004768372,"UGA","Uganda",NA,NA,NA,NA,NA
630,2013,31.3950004577637,0.557500004768372,"UGA","Uganda",NA,NA,NA,NA,NA
630,2014,31.3950004577637,0.557500004768372,"UGA","Uganda",NA,NA,NA,NA,NA
630,2015,31.3950004577637,0.557500004768372,"UGA","Uganda",NA,NA,NA,NA,NA
630,2016,31.3950004577637,0.557500004768372,"UGA","Uganda",NA,NA,NA,NA,NA
630,2017,31.3950004577637,0.557500004768372,"UGA","Uganda",1,45,0.0222222222222222,"WWARN","https://pubmed.ncbi.nlm.nih.gov/30559133"
630,2018,31.3950004577637,0.557500004768372,"UGA","Uganda",4,34,0.117647058823529,"WWARN","https://pubmed.ncbi.nlm.nih.gov/33146722"
630,2019,31.3950004577637,0.557500004768372,"UGA","Uganda",0,27,0,"WWARN","https://pubmed.ncbi.nlm.nih.gov/33146722"
630,2020,31.3950004577637,0.557500004768372,"UGA","Uganda",NA,NA,NA,NA,NA
630,2021,31.3950004577637,0.557500004768372,"UGA","Uganda",NA,NA,NA,NA,NA
631,2010,34.0146598815918,0.775780022144318,"UGA","Uganda",NA,NA,NA,NA,NA
631,2011,34.0146598815918,0.775780022144318,"UGA","Uganda",NA,NA,NA,NA,NA
631,2012,34.0146598815918,0.775780022144318,"UGA","Uganda",0,20,0,"WWARN","https://pubmed.ncbi.nlm.nih.gov/28039354"
631,2013,34.0146598815918,0.775780022144318,"UGA","Uganda",0,20,0,"WWARN","https://pubmed.ncbi.nlm.nih.gov/28039354"
631,2014,34.0146598815918,0.775780022144318,"UGA","Uganda",NA,NA,NA,NA,NA
631,2015,34.0146598815918,0.775780022144318,"UGA","Uganda",0,20,0,"WWARN","https://pubmed.ncbi.nlm.nih.gov/28039354"
631,2016,34.0146598815918,0.775780022144318,"UGA","Uganda",NA,NA,NA,NA,NA
631,2017,34.0146598815918,0.775780022144318,"UGA","Uganda",NA,NA,NA,NA,NA
631,2018,34.0146598815918,0.775780022144318,"UGA","Uganda",NA,NA,NA,NA,NA
631,2019,34.0146598815918,0.775780022144318,"UGA","Uganda",NA,NA,NA,NA,NA
631,2020,34.0146598815918,0.775780022144318,"UGA","Uganda",NA,NA,NA,NA,NA
631,2021,34.0146598815918,0.775780022144318,"UGA","Uganda",NA,NA,NA,NA,NA
632,2010,34.1810989379883,0.692777991294861,"UGA","Uganda",0,100,0,"WWARN","https://pubmed.ncbi.nlm.nih.gov/25180240"
632,2011,34.1810989379883,0.692777991294861,"UGA","Uganda",NA,NA,NA,NA,NA
632,2012,34.1810989379883,0.692777991294861,"UGA","Uganda",NA,NA,NA,NA,NA
632,2013,34.1810989379883,0.692777991294861,"UGA","Uganda",NA,NA,NA,NA,NA
632,2014,34.1810989379883,0.692777991294861,"UGA","Uganda",NA,NA,NA,NA,NA
632,2015,34.1810989379883,0.692777991294861,"UGA","Uganda",NA,NA,NA,NA,NA
632,2016,34.1810989379883,0.692777991294861,"UGA","Uganda",0,56,0,"WWARN","https://pubmed.ncbi.nlm.nih.gov/28923866"
632,2017,34.1810989379883,0.692777991294861,"UGA","Uganda",0,48,0,"WWARN","https://pubmed.ncbi.nlm.nih.gov/30559133"
632,2018,34.1810989379883,0.692777991294861,"UGA","Uganda",0,35,0,"WWARN","https://pubmed.ncbi.nlm.nih.gov/33146722"
632,2019,34.1810989379883,0.692777991294861,"UGA","Uganda",0,38,0,"WWARN","https://pubmed.ncbi.nlm.nih.gov/33146722"
632,2020,34.1810989379883,0.692777991294861,"UGA","Uganda",NA,NA,NA,NA,NA
632,2021,34.1810989379883,0.692777991294861,"UGA","Uganda",2,39,0.0512820512820513,"WWARN","https://pubmed.ncbi.nlm.nih.gov/36289202"
633,2010,34.1812591552734,0.694260001182556,"UGA","Uganda",NA,NA,NA,NA,NA
633,2011,34.1812591552734,0.694260001182556,"UGA","Uganda",NA,NA,NA,NA,NA
633,2012,34.1812591552734,0.694260001182556,"UGA","Uganda",0,100,0,"WWARN","https://pubmed.ncbi.nlm.nih.gov/25180240"
633,2013,34.1812591552734,0.694260001182556,"UGA","Uganda",NA,NA,NA,NA,NA
633,2014,34.1812591552734,0.694260001182556,"UGA","Uganda",NA,NA,NA,NA,NA
633,2015,34.1812591552734,0.694260001182556,"UGA","Uganda",NA,NA,NA,NA,NA
633,2016,34.1812591552734,0.694260001182556,"UGA","Uganda",NA,NA,NA,NA,NA
633,2017,34.1812591552734,0.694260001182556,"UGA","Uganda",NA,NA,NA,NA,NA
633,2018,34.1812591552734,0.694260001182556,"UGA","Uganda",NA,NA,NA,NA,NA
633,2019,34.1812591552734,0.694260001182556,"UGA","Uganda",NA,NA,NA,NA,NA
633,2020,34.1812591552734,0.694260001182556,"UGA","Uganda",NA,NA,NA,NA,NA
633,2021,34.1812591552734,0.694260001182556,"UGA","Uganda",NA,NA,NA,NA,NA
634,2010,32.5811004638672,0.313611000776291,"UGA","Uganda",0,1,0,"WWARN","https://pubmed.ncbi.nlm.nih.gov/29813085"
634,2011,32.5811004638672,0.313611000776291,"UGA","Uganda",NA,NA,NA,NA,NA
634,2012,32.5811004638672,0.313611000776291,"UGA","Uganda",NA,NA,NA,NA,NA
634,2013,32.5811004638672,0.313611000776291,"UGA","Uganda",0,1,0,"WWARN","https://pubmed.ncbi.nlm.nih.gov/28797235"
634,2014,32.5811004638672,0.313611000776291,"UGA","Uganda",0,6,0,"WWARN","https://pubmed.ncbi.nlm.nih.gov/28797235,https://pubmed.ncbi.nlm.nih.gov/29436339,https://pubmed.ncbi.nlm.nih.gov/29813085"
634,2015,32.5811004638672,0.313611000776291,"UGA","Uganda",0,2,0,"WWARN","https://pubmed.ncbi.nlm.nih.gov/28797235"
634,2016,32.5811004638672,0.313611000776291,"UGA","Uganda",NA,NA,NA,NA,NA
634,2017,32.5811004638672,0.313611000776291,"UGA","Uganda",NA,NA,NA,NA,NA
634,2018,32.5811004638672,0.313611000776291,"UGA","Uganda",NA,NA,NA,NA,NA
634,2019,32.5811004638672,0.313611000776291,"UGA","Uganda",NA,NA,NA,NA,NA
634,2020,32.5811004638672,0.313611000776291,"UGA","Uganda",NA,NA,NA,NA,NA
634,2021,32.5811004638672,0.313611000776291,"UGA","Uganda",NA,NA,NA,NA,NA
635,2010,32.586971282959,0.325379997491837,"UGA","Uganda",NA,NA,NA,NA,NA
635,2011,32.586971282959,0.325379997491837,"UGA","Uganda",NA,NA,NA,NA,NA
635,2012,32.586971282959,0.325379997491837,"UGA","Uganda",NA,NA,NA,NA,NA
635,2013,32.586971282959,0.325379997491837,"UGA","Uganda",NA,NA,NA,NA,NA
635,2014,32.586971282959,0.325379997491837,"UGA","Uganda",0,53,0,"WWARN","https://pubmed.ncbi.nlm.nih.gov/26033725"
635,2015,32.586971282959,0.325379997491837,"UGA","Uganda",NA,NA,NA,NA,NA
635,2016,32.586971282959,0.325379997491837,"UGA","Uganda",NA,NA,NA,NA,NA
635,2017,32.586971282959,0.325379997491837,"UGA","Uganda",NA,NA,NA,NA,NA
635,2018,32.586971282959,0.325379997491837,"UGA","Uganda",NA,NA,NA,NA,NA
635,2019,32.586971282959,0.325379997491837,"UGA","Uganda",NA,NA,NA,NA,NA
635,2020,32.586971282959,0.325379997491837,"UGA","Uganda",NA,NA,NA,NA,NA
635,2021,32.586971282959,0.325379997491837,"UGA","Uganda",NA,NA,NA,NA,NA
